{"cameraMode":{"drawMode":0,"name":"Shaded","section":"Shading Mode"},"sceneLighting":false,"audioPlay":false,"sceneViewState":{"showFog":true,"showMaterialUpdate":false,"showSkybox":false,"showFlares":true,"showImageEffects":true,"showParticleSystems":true},"in2DMode":false,"pivot":{"x":0.0,"y":-0.000013828277587890625,"z":0.000002384185791015625},"rotation":{"x":0.2737849950790405,"y":-0.20993223786354066,"z":0.0613773874938488,"w":0.9365983009338379},"size":7.890249729156494,"orthographic":true}